id,first_name,last_name,email,country,ip_address
1,Edward,Little,elittle0@123-reg.co.uk,Philippines,150.82.68.61
2,Karen,Medina,kmedina1@toplist.cz,Belarus,134.180.95.112
3,Sarah,Warren,swarren2@ocn.ne.jp,Brazil,238.31.34.51
4,Nancy,Porter,nporter3@xrea.com,China,141.54.91.237
5,Cynthia,Ryan,cryan4@merriam-webster.com,China,240.253.168.2
6,Christine,Reid,creid5@fotki.com,Philippines,235.144.30.199
7,Melissa,Rivera,mrivera6@utexas.edu,China,160.228.167.157
8,Ryan,Carter,rcarter7@salon.com,Honduras,67.42.75.243
9,Jane,Miller,jmiller8@google.com,China,106.226.168.245
10,Thomas,Weaver,tweaver9@eventbrite.com,China,134.222.9.178
11,Benjamin,Jenkins,bjenkinsa@hibu.com,Cyprus,179.3.89.80
12,Willie,Fernandez,wfernandezb@discuz.net,Philippines,243.184.132.130
13,Jesse,Harris,jharrisc@scribd.com,France,219.97.134.154
14,Helen,Gibson,hgibsond@ning.com,Mexico,227.204.74.244
15,Arthur,Fields,afieldse@hubpages.com,Argentina,135.159.23.20
16,Steve,Carroll,scarrollf@salon.com,Brazil,255.201.122.127
17,Brian,Stevens,bstevensg@amazon.co.uk,Russia,209.137.101.80
18,Paul,Black,pblackh@shareasale.com,Indonesia,186.191.77.48
19,Jimmy,Fisher,jfisheri@sbwire.com,China,34.55.70.58
20,Howard,Smith,hsmithj@tripod.com,Albania,215.115.83.16
21,Patrick,Gonzalez,pgonzalezk@bandcamp.com,Ecuador,40.153.198.237
22,Charles,Perez,cperezl@kickstarter.com,Thailand,182.246.198.153
23,Sharon,Long,slongm@archive.org,Portugal,142.114.27.192
24,Marilyn,Walker,mwalkern@mapy.cz,Mongolia,207.163.174.31
25,Jeffrey,Schmidt,jschmidto@howstuffworks.com,Cambodia,30.114.30.220
26,Laura,Morales,lmoralesp@nature.com,Philippines,157.139.237.125
27,Alice,Allen,aallenq@goodreads.com,China,231.204.181.97
28,Keith,Grant,kgrantr@altervista.org,United States,34.159.233.210
29,Christine,Ellis,celliss@buzzfeed.com,Russia,80.236.117.115
30,Ryan,Ortiz,rortizt@wisc.edu,China,7.30.45.78
31,Anna,Wagner,awagneru@blogs.com,Poland,26.133.127.146
32,Donna,Reid,dreidv@liveinternet.ru,China,175.50.24.218
33,Katherine,Diaz,kdiazw@un.org,Laos,97.104.105.52
34,Ashley,Ruiz,aruizx@quantcast.com,Indonesia,15.147.23.243
35,Jeremy,Austin,jaustiny@example.com,Netherlands,5.132.33.74
36,Jane,Bryant,jbryantz@theglobeandmail.com,Kazakhstan,71.125.139.118
37,Harry,Gonzalez,hgonzalez10@thetimes.co.uk,Japan,119.221.149.253
38,Lori,Lewis,llewis11@google.de,Japan,53.230.15.19
39,Kenneth,Wheeler,kwheeler12@latimes.com,Vietnam,67.171.148.61
40,Shirley,Davis,sdavis13@is.gd,Czech Republic,167.12.43.26
41,Rose,Carpenter,rcarpenter14@tripadvisor.com,Togo,136.239.246.130
42,Gregory,Warren,gwarren15@studiopress.com,China,35.144.47.134
43,Ashley,Cooper,acooper16@dmoz.org,United States,4.133.97.95
44,Andrew,Simmons,asimmons17@telegraph.co.uk,Belarus,100.61.167.116
45,Jeffrey,Alvarez,jalvarez18@odnoklassniki.ru,Philippines,50.109.226.23
46,Evelyn,Green,egreen19@gizmodo.com,Honduras,210.107.181.125
47,Phyllis,Cruz,pcruz1a@networksolutions.com,China,117.62.19.25
48,Edward,Duncan,eduncan1b@yelp.com,China,214.199.234.144
49,Sean,Bowman,sbowman1c@soundcloud.com,Portugal,235.8.40.92
50,Wanda,Bryant,wbryant1d@jiathis.com,Peru,178.247.225.146
51,Eric,Harrison,eharrison1e@oakley.com,Pakistan,196.53.229.97
52,Ruth,Mccoy,rmccoy1f@dropbox.com,Argentina,129.163.28.192
53,Marie,Foster,mfoster1g@facebook.com,China,27.110.114.254
54,Louise,Gonzales,lgonzales1h@upenn.edu,China,50.79.44.211
55,Deborah,Porter,dporter1i@toplist.cz,Kyrgyzstan,85.135.96.104
56,Robert,Garrett,rgarrett1j@kickstarter.com,United States,148.132.70.116
57,Alan,Gutierrez,agutierrez1k@ning.com,Peru,67.34.239.109
58,Wanda,Watson,wwatson1l@shareasale.com,China,21.232.139.174
59,Kathleen,Bryant,kbryant1m@opensource.org,Japan,86.21.141.40
60,Jose,Garrett,jgarrett1n@google.fr,Indonesia,140.101.49.43
61,Keith,Robertson,krobertson1o@networksolutions.com,Poland,28.123.153.120
62,Richard,Welch,rwelch1p@illinois.edu,China,90.209.128.83
63,Jean,Lawson,jlawson1q@intel.com,United States,219.19.216.26
64,Emily,Foster,efoster1r@springer.com,Indonesia,83.181.41.193
65,Joan,Ross,jross1s@google.it,Philippines,89.245.57.150
66,Stephen,Payne,spayne1t@nature.com,Cayman Islands,226.195.27.252
67,Jack,Kelly,jkelly1u@businesswire.com,Mali,137.110.7.150
68,Christina,Porter,cporter1v@jigsy.com,China,134.190.53.26
69,Jennifer,Price,jprice1w@altervista.org,Indonesia,5.44.181.72
70,Joe,Gilbert,jgilbert1x@ameblo.jp,Micronesia,63.218.37.108
71,Mildred,Richards,mrichards1y@xrea.com,Palestinian Territory,175.189.76.249
72,Diana,Peterson,dpeterson1z@miitbeian.gov.cn,Ivory Coast,182.59.134.63
73,Aaron,Gutierrez,agutierrez20@europa.eu,China,164.154.84.231
74,Kelly,Stephens,kstephens21@umn.edu,Czech Republic,80.37.141.66
75,Nicholas,Evans,nevans22@miitbeian.gov.cn,Czech Republic,189.78.143.50
76,Kathleen,Ferguson,kferguson23@163.com,Russia,190.243.172.213
77,Carl,Henry,chenry24@mapquest.com,Brazil,165.131.141.252
78,Joshua,Berry,jberry25@constantcontact.com,Finland,55.193.160.129
79,Raymond,West,rwest26@com.com,Dominican Republic,234.87.96.12
80,Margaret,Stewart,mstewart27@fema.gov,China,119.29.199.46
81,Jerry,Williamson,jwilliamson28@comsenz.com,Japan,89.60.160.89
82,Anne,Carr,acarr29@hao123.com,Indonesia,170.62.21.76
83,Samuel,Collins,scollins2a@liveinternet.ru,Indonesia,160.235.251.104
84,Johnny,Olson,jolson2b@dot.gov,Macedonia,211.129.21.204
85,Ralph,Fernandez,rfernandez2c@ox.ac.uk,Russia,81.159.130.97
86,Matthew,Harvey,mharvey2d@istockphoto.com,Indonesia,86.212.4.241
87,Karen,Nelson,knelson2e@wufoo.com,Bosnia and Herzegovina,199.117.106.135
88,Lisa,Weaver,lweaver2f@creativecommons.org,Malawi,187.250.131.88
89,Lisa,Cruz,lcruz2g@opensource.org,Russia,101.139.222.200
90,Teresa,Patterson,tpatterson2h@biglobe.ne.jp,China,6.202.225.248
91,Lillian,Shaw,lshaw2i@creativecommons.org,Japan,92.67.199.158
92,Samuel,Watson,swatson2j@mapquest.com,Russia,248.6.159.147
93,Jonathan,Reid,jreid2k@biblegateway.com,Slovenia,187.82.21.220
94,Steve,Armstrong,sarmstrong2l@sitemeter.com,China,245.248.7.239
95,Roger,Perry,rperry2m@marketwatch.com,China,171.194.230.91
96,Ann,Boyd,aboyd2n@ustream.tv,Brazil,218.22.225.99
97,Michael,Lewis,mlewis2o@nsw.gov.au,Indonesia,228.144.235.44
98,Lillian,Hill,lhill2p@oakley.com,Papua New Guinea,108.56.214.12
99,Lillian,Johnson,ljohnson2q@amazon.de,China,249.10.42.51
100,Laura,James,ljames2r@tiny.cc,Indonesia,117.207.220.225
